date,actual,predicted,open_price,24_high,24_low,google,twitter,reddit
01/01/2020,7209.856756,8980.645627,7172.919875,7232.818506,7119.626946,1580,647,2144
01/02/2020,7111.6881,7041.486871,7209.856674,7237.014866,7079.290684,1567,660,1589
01/03/2020,7305.337661,8642.393684,7111.688107,7367.926046,6852.093401,1347,957,2112
01/04/2020,7304.676563,8230.158701,7305.337646,7390.041835,7255.087634,1473,639,2180
01/05/2020,7462.955633,9433.870263,7304.243692,7487.333871,7263.178696,1498,678,2665
01/06/2020,7512.943419,9158.162785,7464.585994,7599.605636,7314.609091,1739,829,2800
01/07/2020,7772.520109,8833.539871,7512.942676,7995.741275,7498.68958,1482,1002,2597
01/08/2020,8309.705401,7499.35555,7774.869648,8463.183418,7737.99391,2550,1027,2157
01/09/2020,7904.731346,7604.306936,8320.21502,8333.68436,7855.261802,1710,704,1833
01/10/2020,8058.400725,8588.562322,7904.741785,8079.876549,7670.457792,2098,709,1142
01/11/2020,8091.834808,9595.145568,8058.413945,8247.29097,7912.724695,2009,637,2117
01/12/2020,8143.736685,9942.698915,8091.835051,8278.66058,7959.533522,1603,599,2169
1/13/2020,8075.875107,9241.66189,8143.20288,8191.187715,8035.31553,1326,666,1179
1/14/2020,8683.144523,9279.563085,8075.875091,8757.058133,8064.846505,2951,1301,2814
1/15/2020,8753.903025,8122.454367,8678.694287,8897.643793,8516.137347,1971,949,1991
1/16/2020,8701.064133,7454.00142,8753.901285,8864.837026,8587.518351,1404,767,2555
1/17/2020,8835.097018,9772.423866,8701.063752,9009.5337,8609.83405,2451,884,2923
1/18/2020,8891.211502,9375.561722,8832.705454,8971.890632,8796.387059,1245,747,2473
1/19/2020,8625.603698,8721.019733,8891.211535,9181.972791,8512.303576,1364,1074,1825
1/20/2020,8660.647324,9226.875312,8625.603321,8759.212195,8455.129028,2430,777,1992
1/21/2020,8640.214416,8916.126361,8660.648868,8739.353819,8592.925596,1572,726,1764
1/22/2020,8631.512464,9338.475565,8641.67771,8797.773614,8486.340457,1595,697,2541
1/23/2020,8330.354395,7569.476151,8631.50825,8686.512024,8290.239129,2755,757,1571
1/24/2020,8489.107674,9547.593982,8330.717403,8496.643576,8220.867389,1617,679,1832
1/25/2020,8319.529978,7270.210479,8489.108895,8512.454207,8256.043067,2318,579,2483
1/26/2020,8436.124405,9297.27334,8319.527249,8462.483687,8282.358307,2362,630,2137
1/27/2020,8754.609552,9225.043546,8435.930496,8774.84067,8431.296472,2097,776,1589
1/28/2020,9018.11473,8324.092374,8754.606428,9176.388648,8728.19149,1462,983,1115
1/29/2020,9277.343298,7466.907771,9018.114799,9420.966275,8881.796897,2476,933,2579
1/30/2020,9361.449635,7081.608936,9277.343096,9432.677487,9185.18134,2383,902,1007
1/31/2020,9317.395267,8435.885114,9361.449495,9633.251035,9198.659041,1484,727,2116
02/01/2020,9325.250445,7509.298759,9317.39505,9451.06458,9239.69457,1338,666,2774
02/02/2020,9448.710738,7698.770449,9326.032148,9465.487907,9150.534573,1108,11248,2530
02/03/2020,9255.052417,9927.310083,9443.713844,9603.105582,9252.908978,2646,2831,2307
02/04/2020,9189.142663,8676.476563,9257.221419,9349.247058,9072.588214,2226,1515,1903
02/05/2020,9470.753068,9598.024432,9189.142839,9483.165664,9124.519273,1929,1661,1014
02/06/2020,9781.087818,8454.7466,9471.451287,9856.447773,9461.277882,2801,1442,1597
02/07/2020,9790.364228,8819.245264,9781.71861,9872.616069,9653.132962,2397,1205,2327
02/08/2020,9832.303695,9797.306098,9790.363982,9867.343712,9660.309157,2357,1182,1126
02/09/2020,10099.98478,9325.833163,9834.397564,10175.90701,9823.328259,1626,2812,1575
02/10/2020,9875.295849,7507.345515,10099.98656,10197.19928,9752.195757,1301,1279,2247
02/11/2020,10196.38492,8258.754533,9875.289231,10209.55425,9711.360915,1865,1553,2501
02/12/2020,10354.46441,9783.186903,10195.6568,10489.77986,10195.6568,1454,1564,1056
2/13/2020,10268.58756,9995.401269,10354.47159,10516.91793,10097.76169,2312,1401,2031
2/14/2020,10258.47198,8105.004515,10264.99908,10598.03016,10108.15916,2532,1068,2171
2/15/2020,9992.262028,8293.200491,10258.47154,10397.53648,9813.277403,1710,1260,1265
2/16/2020,9874.966829,7802.841437,9988.658467,10107.82097,9810.928072,2356,1146,2486
2/17/2020,9669.011839,9980.354835,9874.967323,10004.58726,9468.292698,2384,1191,1320
2/18/2020,9858.268541,9866.607436,9668.920994,9878.076755,9602.289975,2118,1447,1251
2/19/2020,10154.73447,9196.336765,9854.238329,10272.79482,9844.075672,1023,1380,2458
